N°chrono,nom,prénom,adresse,"code postal",ville,montant,"N° de Transaction Paypal"
eD-2016-04-7,,,,,,,
eD-2016-04-8,Test,Test,Test,07357,test,17,
eD-2016-04-9,Test,Test,Test,07537,Test,17,3D400747GH719251M
eD-2016-04-10,cccfrecer,vgtrvtrv,,,,5,
eD-2016-04-11,exzexexzex," dxxzexzex",exzxxz?se,07357,tvgtvtvtv,17,3DY311466A487712A
eD-2016-04-12,cfrcvrvgftrvdf,ccececefcfrv,,07537,ecercerc,17,
eD-2016-04-13,,,,,,,
eD-2016-04-14,test,test,,,,5,24878659573931001
eD-2016-04-15,,,,,,,
eD-2016-04-16,xexxxxzex,xdexexexde,,,,2,9LE97708KB4211910
eD-2016-04-17,test,test,,,Paris,2.00,
